曲名,曲目ID,难度,分数,Perfect数,大P数,Far数,Lost数,定数,单曲ptt
Last | Eternity,lasteternity,Beyond,,,,,,9.7
Antithese,antithese,Beyond,,,,,,9.5
Arcana Eden,arcanaeden,Beyond,,,,,,11.4
Bookmaker (2D Version),bookmaker,Beyond,,,,,,10
Cybernecia Catharsis,cyberneciacatharsis,Beyond,,,,,,9.8
Dement ~after legend~,dement,Beyond,,,,,,9.9
dropdead,dropdead,Beyond,,,,,,10.5
Einherjar Joker,einherjar,Beyond,,,,,,10.9
Fairytale,fairytale,Beyond,,,,,,9.5
FREEF4LL,freefall,Beyond,,,,,,9.8
GOODTEK (Arcaea Edit),goodtek,Beyond,,,,,,9.8
Heavensdoor,heavensdoor,Beyond,,,,,,10.8
Ignotus,ignotus,Beyond,,,,,,9.9
IMPACT,impact,Beyond,,,,,,10.4
Infinite Strife.,infinitestrife,Beyond,,,,,,10.9
Infinity Heaven,infinityheaven,Beyond,,,,,,9.6
inkar-usi,inkarusi,Beyond,,,,,,9.4
Kanagawa Cyber Culvert,kanagawa,Beyond,,,,,,9.8
Last | Moment,last,Beyond,,,,,,9.6
Libertas,libertas,Beyond,,,,,,10.5
La'qryma of the Wasteland,laqryma,Beyond,,,,,,9.9
lastendconductor,lastendconductor,Beyond,,,,,,10.1
Lost Civilization,lostcivilization,Beyond,,,,,,9.8
Lumia,lumia,Beyond,,,,,,9.5
MERLIN,merlin,Beyond,,,,,,9.4
Moonheart,moonheart,Beyond,,,,,,9.7
next to you,nexttoyou,Beyond,,,,,,9.6
Oblivia,oblivia,Beyond,,,,,,9.7
OMAKENO Stroke,omakeno,Beyond,,,,,,10.2
Party Vinyl,partyvinyl,Beyond,,,,,,10.1
Pentiment,pentiment,Beyond,,,,,,11.4
PRAGMATISM,pragmatism,Beyond,,,,,,11
Purgatorium,purgatorium,Beyond,,,,,,9.6
Purple Verse,purpleverse,Beyond,,,,,,10.6
qualia -ideaesthesia-,qualia,Beyond,,,,,,9.7
Quon,quon,Beyond,,,,,,
Red and Blue,redandblue,Beyond,,,,,,10
Shades of Light in a Transcendent Realm,shadesoflight,Beyond,,,,,,9
Singularity,singularity,Beyond,,,,,,10.4
Tempestissimo,tempestissimo,Beyond,,,,,,11.5
Teriqma,teriqma,Beyond,,,,,,9.7
Testify,testify,Beyond,,,,,,12
trappola bewitching,trappola,Beyond,,,,,,10.5
Vexaria,vexaria,Beyond,,,,,,9
Vicious [ANTi] Heroism,viciousheroism,Beyond,,,,,,11.1
World Ender,worldender,Beyond,,,,,,11.2
II,ii,Future,,,,,,10.8
#1f1e33,ifi,Future,,,,,,10.9
1F/,onefr,Future,,,,,,8.2
7thSense,seventhsense,Future,,,,,,9.9
99 Glooms,nnglooms,Future,,,,,,10.3
[X],infinity,Future,,,,,,10.4
A Wandering Melody of Love,melodyoflove,Future,,,,,,9.6
Abstruse Dilemma,abstrusedilemma,Future,,,,,,11.1
Aegleseeker,aegleseeker,Future,,,,,,11.1
Ai Drew,aidrew,Future,,,,,,9.8
AI[UE]OON,aiueoon,Future,,,,,,9.4
Aleph-0,alephzero,Future,,,,,,10.5
Alexandrite,alexandrite,Future,,,,,,10
Alice a la mode,alicealamode,Future,,,,,,9.2
Alice's Suitcase,alicessuitcase,Future,,,,,,9.1
Alone & Lorn,aloneandlorn,Future,,,,,,9.6
Altair (feat. *spiLa*),altair,Future,,,,,,8.5
Altale,altale,Future,,,,,,9.7
AlterAle,alterale,Future,,,,,,9.7
AMAZING MIGHTYYYY!!!!,amazingmightyyyy,Future,,,,,,10.7
Amekagura,amekagura,Future,,,,,,9.9
amygdata,amygdata,Future,,,,,,9.7
Antagonism,antagonism,Future,,,,,,9.9
Antithese,antithese,Future,,,,,,8.8
Anokumene,anokumene,Future,,,,,,9.2
April showers,aprilshowers,Future,,,,,,8.6
Arcahv,arcahv,Future,,,,,,9.9
Arcana Eden,arcanaeden,Future,,,,,,10.5
Arghena,arghena,Future,,,,,,11.3
Ascent,ascent,Future,,,,,,9.8
Astra walkthrough,astrawalkthrough,Future,,,,,,9.9
Astral tale,astraltale,Future,,,,,,9.6
AttraqtiA,attraqtia,Future,,,,,,10.6
Aurgelmir,aurgelmir,Future,,,,,,10.5
Auxesia,auxesia,Future,,,,,,9.3
Avant Raze,avantraze,Future,,,,,,9.6
Awaken In Ruins,awakeninruins,Future,,,,,,9.9
Axium Crisis,axiumcrisis,Future,,,,,,10.7
B.B.K.K.B.K.K.,bbkkbkk,Future,,,,,,9.7
Babaroque,babaroque,Future,,,,,,8.5
BADTEK,badtek,Future,,,,,,9.7
Bamboo,take,Future,,,,,,10
BATTLE NO.1,battlenoone,Future,,,,,,9.7
Be There,bethere,Future,,,,,,9.4
Beside You,besideyou,Future,,,,,,8.7
Black Lotus,blacklotus,Future,,,,,,9.7
Black Territory,blackterritory,Future,,,,,,9.8
Blaster,blaster,Future,,,,,,9.3
Blocked Library,blockedlibrary,Future,,,,,,9.3
Blossoms,blossoms,Future,,,,,,7
BLRINK,blrink,Future,,,,,,9.7
blue comet,bluecomet,Future,,,,,,8.2
Blue Rose,bluerose,Future,,,,,,9.1
Bookmaker (2D Version),bookmaker,Future,,,,,,8.3
Brand new world,brandnewworld,Future,,,,,,7.8
BUCHiGiRE Berserker,buchigireberserker,Future,,,,,,10.9
Bullet Waiting for Me (James Landino remix),bulletwaiting,Future,,,,,,8.1
Call My Name feat. Yukacco,callmyname,Future,,,,,,8.7
Callima Karma,callimakarma,Future,,,,,,9.8
Can I Friend You on Bassbook? Lol,bassline,Future,,,,,,9.3
Capella,capella,Future,,,,,,10.2
carmine:scythe,carminescythe,Future,,,,,,9.6
CHAOS,chaos,Future,,,,,,10.9
Chelsea,chelsea,Future,,,,,,8.9
Chronicle,chronicle,Future,,,,,,10.4
Chronostasis,chronostasis,Future,,,,,,8.9
Climax,climax,Future,,,,,,10.4
Clotho and the stargazer,clotho,Eternal,,,,,,8.8
Clotho and the stargazer,clotho,Future,,,,,,7.8
Coastal Highway,coastalhighway,Future,,,,,,9
cocoro*cosmetic,cocorocosmetic,Future,,,,,,9.2
conflict,conflict,Future,,,,,,10.2
corps-sans-organes,corpssansorganes,Future,,,,,,10.6
Corruption,corruption,Future,,,,,,9.8
Cosmica,cosmica,Future,,,,,,8.8
Cosmo Pop Funclub,cosmopop,Future,,,,,,8.8
Crimson Throne,crimsonthrone,Future,,,,,,10.4
CROSS OVER,crossover,Future,,,,,,9.4
CROSS SOUL,crosssoul,Future,,,,,,9.4
cry of viyella,viyella,Future,,,,,,8.7
Crystal Gravity,crystalgravity,Future,,,,,,9.4
Cyaegha,cyaegha,Future,,,,,,10.7
cyanine,cyanine,Future,,,,,,10.6
Cybernecia Catharsis,cyberneciacatharsis,Future,,,,,,9.5
CYCLES,cycles,Future,,,,,,8.8
Dancin' on a Cat's Paw,nekonote,Future,,,,,,9.2
Dandelion,dandelion,Future,,,,,,8.5
Dantalion,dantalion,Future,,,,,,10.9
DataErr0r,dataerror,Future,,,,,,9.5
Dazzle hop,dazzlehop,Future,,,,,,9.7
DDD,ddd,Future,,,,,,8.5
Defection,defection,Future,,,,,,9.8
Dement ~after legend~,dement,Future,,,,,,7.8
Devillic Sphere,devillicsphere,Future,,,,,,9.9
Dialnote,dialnote,Future,,,,,,8.8
Diode,diode,Future,,,,,,8.1
Divine Light of Myriad,divinelight,Future,,,,,,10.8
Dot to Dot feat. shully,dottodot,Future,,,,,,8.3
Dreadnought,dreadnought,Future,,,,,,9.7
Dream goes on,dreamgoeson,Future,,,,,,7.8
Dreamin' Attraction!!,dreaminattraction,Future,,,,,,9.4
DRG,drg,Future,,,,,,9.5
dropdead,dropdead,Future,,,,,,9.1
DX Choseinou Full Metal Shojo,dxfullmetal,Future,,,,,,9.8
Dynitikos,dynitikos,Future,,,,,,9.5
Eccentric Tale,eccentrictale,Future,,,,,,8.4
eden,edenwacca,Future,,,,,,10.5
Ego Eimi,egoeimi,Future,,,,,,10.5
Einherjar Joker,einherjar,Future,,,,,,9.8
Empire of Winter,empireofwinter,Future,,,,,,9
enchanted love,enchantedlove,Future,,,,,,8.6
ENERGY SYNERGY MATRIX,energysynergymatrix,Future,,,,,,9.6
Equilibrium,equilibrium,Future,,,,,,9.4
Essence of Twilight,essenceoftwilight,Future,,,,,,9.1
Ether Strike,etherstrike,Future,,,,,,10.3
Evening in Scarlet,eveninginscarlet,Future,,,,,,9.5
Evoltex (poppi'n mix),evoltex,Future,,,,,,8.9
Faint Light (Arcaea Edit),faintlight,Future,,,,,,9.1
Fairytale,fairytale,Future,,,,,,7
Fallensquare,fallensquare,Future,,,,,,9.6
False Embellishment,kyogenkigo,Future,,,,,,9.3
FANTA5Y,fantasy,Future,,,,,,9.4
Far Away Light,farawaylight,Future,,,,,,9.8
Feels So Right feat. Renko,feelssoright,Future,,,,,,9.3
Felis,felis,Future,,,,,,10.4
felys final remix,felys,Future,,,,,,9.5
Filament,filament,Future,,,,,,9.7
Final Step!,finalstep,Future,,,,,,9.4
First Snow,firstsnow,Future,,,,,,7.8
Flashback,flashback,Future,,,,,,8.9
FLUFFY FLASH,fluffyflash,Future,,,,,,9.8
Flyburg and Endroll,flyburg,Future,,,,,,9
Fracture Ray,fractureray,Future,,,,,,11.3
Free Myself,freemyself,Future,,,,,,10
FREEF4LL,freefall,Future,,,,,,8.6
G e n g a o z o,gengaozo,Future,,,,,,10.2
Galactic Love,galacticlove,Future,,,,,,9
Galaxy Friends,galaxyfriends,Future,,,,,,9.8
Garakuta Doll Play,garakuta,Future,,,,,,10.4
Gekka (Short Version),gekka,Future,,,,,,8.6
Genesis,genesis,Future,,,,,,8.2
Genesis (Chunithm),genesischunithm,Future,,,,,,9.9
GENOCIDER,genocider,Future,,,,,,10.7
GIMME DA BLOOD,gimmedablood,Future,,,,,,10.4
GIMMICK,gimmick,Future,,,,,,9.5
Give Me a Nightmare,givemeanightmare,Future,,,,,,8.9
GLORY : ROAD,gloryroad,Future,,,,,,10.6
Glow,glow,Future,,,,,,9.3
goldenslaughterer,goldenslaughterer,Future,,,,,,9.7
Good bye Merry-Go-Round.,goodbyemerry,Future,,,,,,10.5
GOODTEK (Arcaea Edit),goodtek,Future,,,,,,9.3
Got hive of Ra,gothiveofra,Future,,,,,,9.8
Grievous Lady,grievouslady,Future,,,,,,11.3
Grimheart,grimheart,Future,,,,,,8.7
Halcyon,halcyon,Future,,,,,,10.7
Hall of Mirrors,hallofmirrors,Future,,,,,,8.2
Harutopia ~Utopia of Spring~,harutopia,Future,,,,,,8.5
Haze of Autumn,akinokagerou,Future,,,,,,9.8
Head BONK ache,headbonkache,Future,,,,,,9.4
Heart,kokoro,Future,,,,,,9.3
Heart Jackin',heartjackin,Future,,,,,,9.7
Heavenly caress,heavenlycaress,Future,,,,,,9.8
Heavensdoor,heavensdoor,Future,,,,,,9.9
HELLOHELL,hellohell,Future,,,,,,7.5
HELLOHELL,hellohell,Eternal,,,,,,9.4
Hiiro Gekka Kyoushou no Zetsu (nayuta 2017 ver.),hiirogekka,Future,,,,,,10.3
Hikari,hikari,Future,,,,,,8.1
HIVEMIND,hivemind,Future,,,,,,10
Hotarubi no Yuki,hotarubinoyuki,Future,,,,,,9.7
Hybris (The one who shattered),hybris,Future,,,,,,9.8
I've heard it said,hearditsaid,Future,,,,,,8.1
Iconoclast,iconoclast,Future,,,,,,9.1
Ignotus,ignotus,Future,,,,,,9.3
Ikazuchi,ikazuchi,Future,,,,,,10.4
Illegal Paradise,darakunosono,Future,,,,,,9.5
IMPACT,impact,Future,,,,,,9.6
Impure Bird,impurebird,Future,,,,,,9.4
Infinite Strife,infinitestrife,Future,,,,,,9.9
Infinity Heaven,infinityheaven,Future,,,,,,7.8
init(),init,Future,,,,,,9.8
inkar-usi,inkarusi,Future,,,,,,7.8
Innocence,innocence,Future,,,,,,8.5
Innocence,innocence,Eternal,,,,,,9.7
INTERNET OVERDOSE,internetoverdose,Future,,,,,,8.4
INTERNET YAMERO,internetyamero,Future,,,,,,9.9
IONOSTREAM,ionostream,Future,,,,,,8.7
IONOSTREAM,ionostream,Eternal,,,,,,9.7
IZANA,izana,Future,,,,,,10.3
Jingle,jingle,Future,,,,,,7.8
Jingle,jingle,Eternal,,,,,,9.5
Journey,journey,Future,,,,,,9.1
Jump,jump,Future,,,,,,9
Kanagawa Cyber Culvert,kanagawa,Future,,,,,,9
Kanbu de Tomatte Sugu Tokeru,overdrive,Future,,,,,,10
Kanjou no Matenrou ~ Arr.Demetori,matenrou,Future,,,,,,9.8
Kissing Lucifer,kissinglucifer,Future,,,,,,10.4
KYOREN ROMANCE,kyorenromance,Future,,,,,,10.7
La'qryma of the Wasteland,laqryma,Future,,,,,,9.1
LAMIA,lamia,Future,,,,,,10.9
Lapis,lapis,Future,,,,,,9.4
Last,last,Future,,,,,,9
Last Celebration,lastcelebration,Future,,,,,,10.5
lastendconductor,lastendconductor,Future,,,,,,9.4
Lawless Point,lawlesspoint,Future,,,,,,9
Lazy Addiction,lazyaddiction,Future,,,,,,9.6
Let you DIVE! (nitro rmx),letyoudivermx,Future,,,,,,9.4
Let's Rock (Arcaea mix),letsrock,Future,,,,,,9.7
Lethaeus,lethaeus,Future,,,,,,9.7
Lethal Voltage,lethalvoltage,Future,,,,,,10.4
Libertas,libertas,Future,,,,,,9.2
Life is PIANO,lifeispiano,Future,,,,,,9.1
Lightning Screw,lightningscrew,Future,,,,,,10.5
Lights of Muse,lightsofmuse,Future,,,,,,8.9
Linear Accelerator,linearaccelerator,Future,,,,,,9.8
Live Fast Die Young,livefastdieyoung,Future,,,,,,10.6
LIVHT MY WAY,lightmyway,Future,,,,,,9.8
Logos,logos,Future,,,,,,10.1
Lost Civilization,lostcivilization,Future,,,,,,9.2
Lost Desire,lostdesire,Future,,,,,,9.8
Lost Emotion feat. nomico,lostemotion,Future,,,,,,9.3
Lost in the Abyss,lostintheabyss,Future,,,,,,9.7
Loveless Dress,lovelessdress,Future,,,,,,9.6
Lucid Traveler,lucidtraveler,Future,,,,,,10.4
Lucifer,lucifer,Future,,,,,,8.2
Lumia,lumia,Future,,,,,,8.4
Luna Rossa,lunarossa,Future,,,,,,9.7
LunarOrbit -believe in the Espebranch road-,espebranch,Future,,,,,,9.6
Loschen,loschen,Future,,,,,,10.2
Macrocosmic Modulation,macromod,Future,,,,,,9.8
Magnolia,magnolia,Future,,,,,,10.2
MAHOROBA,mahoroba,Future,,,,,,9.5
Malicious Mischance,maliciousmischance,Future,,,,,,10.2
Manic Jeer,manicjeer,Future,,,,,,10.6
MANTIS (Arcaea Ultra-Bloodrush VIP),mantis,Future,,,,,,9.3
Masquerade Legion,masqueradelegion,Future,,,,,,10
MAXRAGE,maxrage,Future,,,,,,9.9
Maze No.9,mazenine,Future,,,,,,8.9
Mazy Metroplex,mazymetroplex,Future,,,,,,9.7
Medusa,medusa,Future,,,,,,10.2
Memory Forest,memoryforest,Future,,,,,,9.8
memoryfactory.lzh,memoryfactory,Future,,,,,,8.9
MERLIN,merlin,Future,,,,,,8.9
Meta-Mysteria,metamysteria,Future,,,,,,10.8
Metallic Punisher,metallicpunisher,Future,,,,,,10.3
MIRINAE,mirinae,Future,,,,,,10.5
Mirzam,mirzam,Future,,,,,,10
Misdeed -la bonte de Dieu et l'origine du mal-,gou,Future,,,,,,10.9
Modelista,modelista,Future,,,,,,10
Monochrome Princess,monochromeprincess,Future,,,,,,9.7
Moonheart,moonheart,Future,,,,,,8.4
Moonlight of Sand Castle,moonlightofsandcastle,Future,,,,,,7.8
MORNINGLOOM,morningloom,Future,,,,,,8.8
MORNINGLOOM,morningloom,Eternal,,,,,,9.8
Nameless Passion,namelesspassion,Future,,,,,,9.9
NEO WINGS,neowings,Future,,,,,,10.2
New York Back Raise,newyorkbackraise,Future,,,,,,9.9
next to you,nexttoyou,Future,,,,,,8.8
Nhelv,nhelv,Future,,,,,,9.9
Nirv lucE,nirvluce,Future,,,,,,10.3
NULCTRL,nulctrl,Future,,,,,,9.5
NULL APOPHENIA,nullapophenia,Future,,,,,,10.6
new kosmo,neokosmo,Future,,,,,,9.7
Oblivia,oblivia,Future,,,,,,8.3
OMAKENO Stroke,omakeno,Future,,,,,,9.5
On And On!! feat. Jenga,onandon,Future,,,,,,9.5
One Last Drive,onelastdrive,Future,,,,,,8.2
Oracle,oracle,Future,,,,,,9.3
Oshama Scramble!,oshamascramble,Future,,,,,,10
ouroboros -twin stroke of the end-,ouroboros,Future,,,,,,10.7
Ouverture,ouverture,Future,,,,,,9.8
Overwhelm,overwhelm,Future,,,,,,10.6
Paper Witch,paperwitch,Future,,,,,,8.7
Paradise,paradise,Future,,,,,,7.8
Particle Arts,particlearts,Future,,,,,,8.8
Party Vinyl,partyvinyl,Future,,,,,,9.4
Pentiment,pentiment,Future,,,,,,10.3
Phantasia,phantasia,Future,,,,,,9.2
PICO-Pico-Translation!,picopicotranslation,Future,,,,,,9.3
PRAGMATISM,pragmatism,Future,,,,,,10.1
Primeval Texture,primevaltexture,Future,,,,,,9
PRIMITIVE LIGHTS,primitivelights,Future,,,,,,10.7
Prism,prism,Future,,,,,,8
Protoflicker,protoflicker,Future,,,,,,9.8
PUPA,pupa,Future,,,,,,10.4
Purgatorium,purgatorium,Future,,,,,,8.4
Purple Verse,purpleverse,Future,,,,,,9.6
Qovat,qovat,Future,,,,,,10.6
qualia -ideaesthesia-,qualia,Future,,,,,,9.1
Quon,quon,Future,,,,,,9.6
Quon (wacca),quonwacca,Future,,,,,,8.7
Rabbit In The Black Room,rabbitintheblackroom,Future,,,,,,8.4
Raven's Pride,ravenspride,Future,,,,,,9.4
REconstruction,reconstruction,Future,,,,,,8.4
Red and Blue,redandblue,Future,,,,,,9.4
Redolent Shape,redolentshape,Future,,,,,,10.2
Redraw the Colorless World,mukishitsu,Future,,,,,,9.2
Reinvent,reinvent,Future,,,,,,8.5
REKKA RESONANCE,rekkaresonance,Future,,,,,,10.7
Relentless,relentless,Future,,,,,,8
Remind the Souls (Short Version),remindthesouls,Future,,,,,,9.5
ReviXy,revixy,Future,,,,,,9
RGB,rgb,Future,,,,,,9.7
Ringed Genesis,ringedgenesis,Future,,,,,,10.8
Rise,rise,Future,,,,,,7.8
Rise of the World,riseoftheworld,Future,,,,,,10.4
Romance Wars,romancewars,Future,,,,,,7.8
Rugie,rugie,Future,,,,,,9.2
SACRIFICE feat. ayame,sacrifice,Future,,,,,,9.7
SAIKYO STRONGER,saikyostronger,Future,,,,,,11
Sakura Fubuki,sakurafubuki,Future,,,,,,9.3
san skia,sanskia,Future,,,,,,8.3
Sayonara Hatsukoi,sayonarahatsukoi,Future,,,,,,7
Sayonara Hatsukoi,sayonarahatsukoi,Eternal,,,,,,8.5
Scarlet Cage,scarletcage,Future,,,,,,9.8
Scarlet Lance,scarletlance,Future,,,,,,10.1
Seclusion,seclusion,Future,,,,,,10.6
Senkyou,senkyou,Future,,,,,,8.7
Shades of Light in a Transcendent Realm,shadesoflight,Future,,,,,,8.3
Sheriruth,sheriruth,Future,,,,,,10.1
Sheriruth (Laur Remix),sheriruthrmx,Future,,,,,,10.6
Silent Rush,silentrush,Future,,,,,,8.6
Singularity,singularity,Future,,,,,,10.7
Small Cloud Sugar Candy,smallcloud,Future,,,,,,9.1
Snow White,snowwhite,Future,,,,,,8.4
Solitary Dream,solitarydream,Future,,,,,,8.8
SOUNDWiTCH,soundwitch,Future,,,,,,9.9
Specta,specta,Future,,,,,,9.5
Spider's Thread,spidersthread,Future,,,,,,10.8
STAGER (ALL STAGE CLEAR),stager,Future,,,,,,9.5
Stasis,stasis,Future,,,,,,10.7
Strongholds,strongholds,Future,,,,,,9.2
Sulfur,sulfur,Future,,,,,,9.7
Summer Fireworks of Love,summerfireworks,Future,,,,,,9.9
Suomi,suomi,Future,,,,,,7.8
Suomi,suomi,Eternal,,,,,,8.9
SUPERNOVA,supernova,Future,,,,,,9.7
Surrender,surrender,Future,,,,,,8.8
Syro,syro,Future,,,,,,9.3
syuten,syuten,Future,,,,,,8.5
Technicolour,technicolour,Future,,,,,,9.8
Tempestissimo,tempestissimo,Future,,,,,,10.7
TEmPTaTiON,temptation,Future,,,,,,10.9
TeraVolt,teravolt,Future,,,,,,10.9
Teriqma,teriqma,Future,,,,,,9.4
Testify,testify,Future,,,,,,10.8
The Formula,theformula,Future,,,,,,9.3
The Message,themessage,Future,,,,,,9.7
The Survivor (Game Edit),thesurvivor,Future,,,,,,9.9
THE ULTIMACY,theultimacy,Future,,,,,,9.8
Tie me down gently,tiemedowngently,Future,,,,,,8.3
Tiferet,tiferet,Future,,,,,,10.4
To the Furthest Dream,tothefurthestdream,Future,,,,,,9.8
To the Milky Way,tothemilkyway,Future,,,,,,10.5
To: Alice Liddell,toaliceliddell,Future,,,,,,10.3
Transient Space,transientspace,Future,,,,,,9.5
Trap Crow,trapcrow,Future,,,,,,9.9
trappola bewitching,trappola,Future,,,,,,10
Trrricksters!!,trrricksters,Future,,,,,,10.1
Tsuki ni Murakumo Hana ni Kaze,tsukinimurakumo,Future,,,,,,8.7
Turbocharger,turbocharger,Future,,,,,,9
Ultimate taste,ultimatetaste,Future,,,,,,9.7
ultradiaxon-N3,ultradiaxon,Future,,,,,,10.5
UNKNOWN LEVELS,unknownlevels,Future,,,,,,10.6
Used to be,usedtobe,Future,,,,,,9.2
Valhalla:0,valhallazero,Future,,,,,,10.4
Vandalism,vandalism,Future,,,,,,9.7
VECTOR,vector,Future,,,,,,9.4
Vexaria,vexaria,Future,,,,,,7
Vicious Heroism,viciousheroism,Future,,,,,,10
Vindication,vindication,Future,,,,,,9.6
Vivid Theory,vividtheory,Future,,,,,,8.8
Viyella's Tears,viyellastears,Future,,,,,,10.3
WAIT FOR DAWN,waitfordawn,Future,,,,,,8.7
Wish Upon a Snow,wishuponasnow,Future,,,,,,10.5
with U,withu,Future,,,,,,9.4
World Ender,worldender,Future,,,,,,9.9
World Fragments III(radio edit),worldfragments,Future,,,,,,9.8
World Vanquisher,worldvanquisher,Future,,,,,,10.8
world.execute(me);,worldexecuteme,Future,,,,,,8
Xanatos,xanatos,Future,,,,,,10
Xeraphinite,xeraphinite,Future,,,,,,9.8
XTREME,xtreme,Future,,,,,,10.5
Yosakura Fubuki,yozakurafubuki,Future,,,,,,9.4
Your voice so... feat. Such,yourvoiceso,Future,,,,,,9.4
Avril -Flicka i krans-,avril,Future,,,,,,8.3
odysseia,odysseia,Future,,,,,,9.5
aterlbus,aterlbus,Future,,,,,,10.2
guardina,guardina,Future,,,,,,10.4
u,mu,Future,,,,,,9.7
w4,omegafour,Future,,,,,,10.8
O.,ichirin,Future,,,,,,9.5
II,ii,Present,,,,,,8.9
#1f1e33,ifi,Present,,,,,,9.2
1F/,onefr,Present,,,,,,6.5
7thSense,seventhsense,Present,,,,,,7.8
99 Glooms,nnglooms,Present,,,,,,7.8
[X],infinity,Present,,,,,,7.8
A Wandering Melody of Love,melodyoflove,Present,,,,,,7.5
Abstruse Dilemma,abstrusedilemma,Present,,,,,,8.9
Aegleseeker,aegleseeker,Present,,,,,,9.1
Ai Drew,aidrew,Present,,,,,,6.5
AI[UE]OON,aiueoon,Present,,,,,,6.5
Aleph-0,alephzero,Present,,,,,,8.8
Alexandrite,alexandrite,Present,,,,,,7.5
Alice a la mode,alicealamode,Present,,,,,,6.5
Alice's Suitcase,alicessuitcase,Present,,,,,,6
Alone & Lorn,aloneandlorn,Present,,,,,,6.5
Altair (feat. *spiLa*),altair,Present,,,,,,6
Altale,altale,Present,,,,,,5.5
AlterAle,alterale,Present,,,,,,6
AMAZING MIGHTYYYY!!!!,amazingmightyyyy,Present,,,,,,7.8
Amekagura,amekagura,Present,,,,,,7.5
amygdata,amygdata,Present,,,,,,7.5
Antagonism,antagonism,Present,,,,,,7.8
Antithese,antithese,Present,,,,,,5
Anokumene,anokumene,Present,,,,,,6.5
April showers,aprilshowers,Present,,,,,,5.5
Arcahv,arcahv,Present,,,,,,7.8
Arcana Eden,arcanaeden,Present,,,,,,8.7
Arghena,arghena,Present,,,,,,9.4
Ascent,ascent,Present,,,,,,6
Astra walkthrough,astrawalkthrough,Present,,,,,,7.8
Astral tale,astraltale,Present,,,,,,7
AttraqtiA,attraqtia,Present,,,,,,8.3
Aurgelmir,aurgelmir,Present,,,,,,8.5
Auxesia,auxesia,Present,,,,,,6.5
Avant Raze,avantraze,Present,,,,,,6.5
Awaken In Ruins,awakeninruins,Present,,,,,,7.5
Axium Crisis,axiumcrisis,Present,,,,,,8.5
B.B.K.K.B.K.K.,bbkkbkk,Present,,,,,,7
Babaroque,babaroque,Present,,,,,,6.5
BADTEK,badtek,Present,,,,,,7
Bamboo,take,Present,,,,,,6.5
BATTLE NO.1,battlenoone,Present,,,,,,6.5
Be There,bethere,Present,,,,,,7.5
Beside You,besideyou,Present,,,,,,6
Black Lotus,blacklotus,Present,,,,,,6.5
Black Territory,blackterritory,Present,,,,,,7.5
Blaster,blaster,Present,,,,,,7
Blocked Library,blockedlibrary,Present,,,,,,6.5
Blossoms,blossoms,Present,,,,,,4
BLRINK,blrink,Present,,,,,,7.8
blue comet,bluecomet,Present,,,,,,5
Blue Rose,bluerose,Present,,,,,,6
Bookmaker (2D Version),bookmaker,Present,,,,,,6.5
Brand new world,brandnewworld,Present,,,,,,4
BUCHiGiRE Berserker,buchigireberserker,Present,,,,,,8.6
Bullet Waiting for Me (James Landino remix),bulletwaiting,Present,,,,,,4.5
Call My Name feat. Yukacco,callmyname,Present,,,,,,6
Callima Karma,callimakarma,Present,,,,,,7.5
Can I Friend You on Bassbook? Lol,bassline,Present,,,,,,6.5
Capella,capella,Present,,,,,,7.8
carmine:scythe,carminescythe,Present,,,,,,7.8
CHAOS,chaos,Present,,,,,,7.5
Chelsea,chelsea,Present,,,,,,6
Chronicle,chronicle,Present,,,,,,8.9
Chronostasis,chronostasis,Present,,,,,,7.5
Climax,climax,Present,,,,,,7.8
Clotho and the stargazer,clotho,Present,,,,,,5
Coastal Highway,coastalhighway,Present,,,,,,6
cocoro*cosmetic,cocorocosmetic,Present,,,,,,7
conflict,conflict,Present,,,,,,7.5
corps-sans-organes,corpssansorganes,Present,,,,,,7.8
Corruption,corruption,Present,,,,,,6.5
Cosmica,cosmica,Present,,,,,,5
Cosmo Pop Funclub,cosmopop,Present,,,,,,6
Crimson Throne,crimsonthrone,Present,,,,,,8
CROSS?OVER,crossover,Present,,,,,,6.5
CROSS?SOUL,crosssoul,Present,,,,,,7
cry of viyella,viyella,Present,,,,,,6
Crystal Gravity,crystalgravity,Present,,,,,,6.5
Cyaegha,cyaegha,Present,,,,,,8.4
cyanine,cyanine,Present,,,,,,7.8
Cybernecia Catharsis,cyberneciacatharsis,Present,,,,,,7
CYCLES,cycles,Present,,,,,,5
Dancin' on a Cat's Paw,nekonote,Present,,,,,,6
Dandelion,dandelion,Present,,,,,,6
Dantalion,dantalion,Present,,,,,,8.2
DataErr0r,dataerror,Present,,,,,,7
Dazzle hop,dazzlehop,Present,,,,,,6.5
DDD,ddd,Present,,,,,,6.5
Defection,defection,Present,,,,,,6.5
Dement ~after legend~,dement,Present,,,,,,6
Devillic Sphere,devillicsphere,Present,,,,,,7.8
Dialnote,dialnote,Present,,,,,,6
Diode,diode,Present,,,,,,5.5
Divine Light of Myriad,divinelight,Present,,,,,,7.8
Dot to Dot feat. shully,dottodot,Present,,,,,,6
Dreadnought,dreadnought,Present,,,,,,7
Dream goes on,dreamgoeson,Present,,,,,,5
Dreamin' Attraction!!,dreaminattraction,Present,,,,,,7
DRG,drg,Present,,,,,,7
dropdead,dropdead,Present,,,,,,9.5
DX Choseinou Full Metal Shojo,dxfullmetal,Present,,,,,,6
Dynitikos,dynitikos,Present,,,,,,7.5
Eccentric Tale,eccentrictale,Present,,,,,,5.5
eden,edenwacca,Present,,,,,,8.2
Ego Eimi,egoeimi,Present,,,,,,8.6
Einherjar Joker,einherjar,Present,,,,,,7
Empire of Winter,empireofwinter,Present,,,,,,6.5
enchanted love,enchantedlove,Present,,,,,,4.5
ENERGY SYNERGY MATRIX,energysynergymatrix,Present,,,,,,7
Equilibrium,equilibrium,Present,,,,,,6.5
Essence of Twilight,essenceoftwilight,Present,,,,,,7
Ether Strike,etherstrike,Present,,,,,,8.3
Evening in Scarlet,eveninginscarlet,Present,,,,,,7
Evoltex (poppi'n mix),evoltex,Present,,,,,,7
Faint Light (Arcaea Edit),faintlight,Present,,,,,,6
Fairytale,fairytale,Present,,,,,,3.5
Fallensquare,fallensquare,Present,,,,,,7.5
False Embellishment,kyogenkigo,Present,,,,,,6.5
FANTA5Y,fantasy,Present,,,,,,7
Far Away Light,farawaylight,Present,,,,,,7.8
Feels So Right feat. Renko,feelssoright,Present,,,,,,6.5
Felis,felis,Present,,,,,,7.5
felys final remix,felys,Present,,,,,,6.5
Filament,filament,Present,,,,,,7.8
Final Step!,finalstep,Present,,,,,,6.5
First Snow,firstsnow,Present,,,,,,4.5
Flashback,flashback,Present,,,,,,5
FLUFFY FLASH,fluffyflash,Present,,,,,,6.5
Flyburg and Endroll,flyburg,Present,,,,,,6
Fracture Ray,fractureray,Present,,,,,,9.5
Free Myself,freemyself,Present,,,,,,7.5
FREEF4LL,freefall,Present,,,,,,7
G e n g a o z o,gengaozo,Present,,,,,,8.1
Galactic Love,galacticlove,Present,,,,,,6.5
Galaxy Friends,galaxyfriends,Present,,,,,,6
Garakuta Doll Play,garakuta,Present,,,,,,6.5
Gekka (Short Version),gekka,Present,,,,,,6.5
Genesis,genesis,Present,,,,,,5.5
Genesis (Chunithm),genesischunithm,Present,,,,,,7
GENOCIDER,genocider,Present,,,,,,8.9
GIMME DA BLOOD,gimmedablood,Present,,,,,,7.5
GIMMICK,gimmick,Present,,,,,,6.5
Give Me a Nightmare,givemeanightmare,Present,,,,,,5.5
GLORY : ROAD,gloryroad,Present,,,,,,7
Glow,glow,Present,,,,,,7.5
goldenslaughterer,goldenslaughterer,Present,,,,,,6.5
Good bye Merry-Go-Round.,goodbyemerry,Present,,,,,,7.5
GOODTEK (Arcaea Edit),goodtek,Present,,,,,,6.5
Got hive of Ra,gothiveofra,Present,,,,,,6.5
Grievous Lady,grievouslady,Present,,,,,,9.3
Grimheart,grimheart,Present,,,,,,5
Halcyon,halcyon,Present,,,,,,8.2
Hall of Mirrors,hallofmirrors,Present,,,,,,5.5
Harutopia ~Utopia of Spring~,harutopia,Present,,,,,,4.5
Haze of Autumn,akinokagerou,Present,,,,,,7
Head BONK ache,headbonkache,Present,,,,,,7
Heart,kokoro,Present,,,,,,5
Heart Jackin',heartjackin,Present,,,,,,5.5
Heavenly caress,heavenlycaress,Present,,,,,,7.5
Heavensdoor,heavensdoor,Present,,,,,,7.5
HELLOHELL,hellohell,Present,,,,,,5
Hiiro Gekka Kyoushou no Zetsu (nayuta 2017 ver.),hiirogekka,Present,,,,,,6.5
Hikari,hikari,Present,,,,,,6
HIVEMIND,hivemind,Present,,,,,,8.6
Hybris (The one who shattered),hybris,Present,,,,,,7.8
I've heard it said,hearditsaid,Present,,,,,,6
Iconoclast,iconoclast,Present,,,,,,7
Ignotus,ignotus,Present,,,,,,6.5
Ikazuchi,ikazuchi,Present,,,,,,7.5
Illegal Paradise,darakunosono,Present,,,,,,7
IMPACT,impact,Present,,,,,,7.8
Impure Bird,impurebird,Present,,,,,,5.5
Infinite Strife,infinitestrife,Present,,,,,,7.5
Infinity Heaven,infinityheaven,Present,,,,,,5.5
init(),init,Present,,,,,,7.5
inkar-usi,inkarusi,Present,,,,,,4
Innocence,innocence,Present,,,,,,6.5
INTERNET OVERDOSE,internetoverdose,Present,,,,,,6.5
INTERNET YAMERO,internetyamero,Present,,,,,,7.8
IONOSTREAM,ionostream,Present,,,,,,6
IZANA,izana,Present,,,,,,8.3
Jingle,jingle,Present,,,,,,5.5
Journey,journey,Present,,,,,,6
Jump,jump,Present,,,,,,6
Kanagawa Cyber Culvert,kanagawa,Present,,,,,,5.5
Kanbu de Tomatte Sugu Tokeru,overdrive,Present,,,,,,7.5
Kanjou no Matenrou ~ Arr.Demetori,matenrou,Present,,,,,,6.5
Kissing Lucifer,kissinglucifer,Present,,,,,,7.8
KYOREN ROMANCE,kyorenromance,Present,,,,,,7.8
La'qryma of the Wasteland,laqryma,Present,,,,,,6.5
LAMIA,lamia,Present,,,,,,8.5
Lapis,lapis,Present,,,,,,6
Last,last,Present,,,,,,7
Last Celebration,lastcelebration,Present,,,,,,6.5
lastendconductor,lastendconductor,Present,,,,,,7.5
Lawless Point,lawlesspoint,Present,,,,,,6
Lazy Addiction,lazyaddiction,Present,,,,,,6
Let you DIVE! (nitro rmx),letyoudivermx,Present,,,,,,6.5
Let's Rock (Arcaea mix),letsrock,Present,,,,,,7
Lethaeus,lethaeus,Present,,,,,,6.5
Lethal Voltage,lethalvoltage,Present,,,,,,7.8
Libertas,libertas,Present,,,,,,5.5
Life is PIANO,lifeispiano,Present,,,,,,5.5
Lightning Screw,lightningscrew,Present,,,,,,7.8
Lights of Muse,lightsofmuse,Present,,,,,,5.5
Linear Accelerator,linearaccelerator,Present,,,,,,6.5
Live Fast Die Young,livefastdieyoung,Present,,,,,,8.5
LIVHT MY WAY,lightmyway,Present,,,,,,7.5
Logos,logos,Present,,,,,,7.5
Lost Civilization,lostcivilization,Present,,,,,,7
Lost Desire,lostdesire,Present,,,,,,7.8
Lost Emotion feat. nomico,lostemotion,Present,,,,,,7
Lost in the Abyss,lostintheabyss,Present,,,,,,6.5
Loveless Dress,lovelessdress,Present,,,,,,6.5
Lucid Traveler,lucidtraveler,Present,,,,,,8.9
Lucifer,lucifer,Present,,,,,,5.5
Lumia,lumia,Present,,,,,,5.5
Luna Rossa,lunarossa,Present,,,,,,7
LunarOrbit -believe in the Espebranch road-,espebranch,Present,,,,,,6
Loschen,loschen,Present,,,,,,7
Macrocosmic Modulation,macromod,Present,,,,,,7.8
Magnolia,magnolia,Present,,,,,,7.8
MAHOROBA,mahoroba,Present,,,,,,6.5
Malicious Mischance,maliciousmischance,Present,,,,,,7.8
Manic Jeer,manicjeer,Present,,,,,,7.8
MANTIS (Arcaea Ultra-Bloodrush VIP),mantis,Present,,,,,,7
Masquerade Legion,masqueradelegion,Present,,,,,,6.5
MAXRAGE,maxrage,Present,,,,,,6.5
Maze No.9,mazenine,Present,,,,,,3.5
Mazy Metroplex,mazymetroplex,Present,,,,,,7.8
Medusa,medusa,Present,,,,,,7
Memory Forest,memoryforest,Present,,,,,,6
memoryfactory.lzh,memoryfactory,Present,,,,,,5.5
MERLIN,merlin,Present,,,,,,5.5
Meta-Mysteria,metamysteria,Present,,,,,,7.8
Metallic Punisher,metallicpunisher,Present,,,,,,7
MIRINAE,mirinae,Present,,,,,,8.3
Mirzam,mirzam,Present,,,,,,7.5
Misdeed -la bonte de Dieu et l'origine du mal-,gou,Present,,,,,,8.5
Modelista,modelista,Present,,,,,,7.5
Monochrome Princess,monochromeprincess,Present,,,,,,7.8
Moonheart,moonheart,Present,,,,,,5.5
Moonlight of Sand Castle,moonlightofsandcastle,Present,,,,,,5
MORNINGLOOM,morningloom,Present,,,,,,6.5
Nameless Passion,namelesspassion,Present,,,,,,7
NEO WINGS,neowings,Present,,,,,,7.5
New York Back Raise,newyorkbackraise,Present,,,,,,7
next to you,nexttoyou,Present,,,,,,7
Nhelv,nhelv,Present,,,,,,6.5
Nirv lucE,nirvluce,Present,,,,,,7
NULCTRL,nulctrl,Present,,,,,,7.5
NULL APOPHENIA,nullapophenia,Present,,,,,,8.8
neo kosmo,neokosmo,Present,,,,,,7.8
Oblivia,oblivia,Present,,,,,,5
OMAKENO Stroke,omakeno,Present,,,,,,6.5
On And On!! feat. Jenga,onandon,Present,,,,,,7
One Last Drive,onelastdrive,Present,,,,,,5.5
Oracle,oracle,Present,,,,,,5.5
Oshama Scramble!,oshamascramble,Present,,,,,,6.5
ouroboros -twin stroke of the end-,ouroboros,Present,,,,,,7.5
Ouverture,ouverture,Present,,,,,,7.5
Overwhelm,overwhelm,Present,,,,,,8.5
Paper Witch,paperwitch,Present,,,,,,5
Paradise,paradise,Present,,,,,,4
Particle Arts,particlearts,Present,,,,,,6
Party Vinyl,partyvinyl,Present,,,,,,7.8
Pentiment,pentiment,Present,,,,,,8.7
Phantasia,phantasia,Present,,,,,,5.5
PICO-Pico-Translation!,picopicotranslation,Present,,,,,,6
PRAGMATISM,pragmatism,Present,,,,,,8.6
Primeval Texture,primevaltexture,Present,,,,,,7.5
PRIMITIVE LIGHTS,primitivelights,Present,,,,,,8.8
Prism,prism,Present,,,,,,5
Protoflicker,protoflicker,Present,,,,,,7
PUPA,pupa,Present,,,,,,7.8
Purgatorium,purgatorium,Present,,,,,,6
Purple Verse,purpleverse,Present,,,,,,7.5
Qovat,qovat,Present,,,,,,8.2
qualia -ideaesthesia-,qualia,Present,,,,,,7
Quon,quon,Present,,,,,,6.5
Quon (wacca),quonwacca,Present,,,,,,6
Rabbit In The Black Room,rabbitintheblackroom,Present,,,,,,5.5
Raven's Pride,ravenspride,Present,,,,,,7
REconstruction,reconstruction,Present,,,,,,6
Red and Blue,redandblue,Present,,,,,,7.8
Redolent Shape,redolentshape,Present,,,,,,7.5
Redraw the Colorless World,mukishitsu,Present,,,,,,6.5
Reinvent,reinvent,Present,,,,,,6.5
REKKA RESONANCE,rekkaresonance,Present,,,,,,8.9
Relentless,relentless,Present,,,,,,6.5
Remind the Souls (Short Version),remindthesouls,Present,,,,,,7
ReviXy,revixy,Present,,,,,,7
RGB,rgb,Present,,,,,,7.8
Ringed Genesis,ringedgenesis,Present,,,,,,8.4
Rise,rise,Present,,,,,,4
Rise of the World,riseoftheworld,Present,,,,,,8.1
Romance Wars,romancewars,Present,,,,,,4
Rugie,rugie,Present,,,,,,6
SACRIFICE feat. ayame,sacrifice,Present,,,,,,7.5
SAIKYO STRONGER,saikyostronger,Present,,,,,,9.4
Sakura Fubuki,sakurafubuki,Present,,,,,,6.5
san skia,sanskia,Present,,,,,,6
Sayonara Hatsukoi,sayonarahatsukoi,Present,,,,,,4.5
Scarlet Cage,scarletcage,Present,,,,,,7.5
Scarlet Lance,scarletlance,Present,,,,,,7
Seclusion,seclusion,Present,,,,,,7.5
Senkyou,senkyou,Present,,,,,,5.5
Shades of Light in a Transcendent Realm,shadesoflight,Present,,,,,,6
Sheriruth,sheriruth,Present,,,,,,7.5
Sheriruth (Laur Remix),sheriruthrmx,Present,,,,,,7.8
Silent Rush,silentrush,Present,,,,,,5
Singularity,singularity,Present,,,,,,7.8
Small Cloud Sugar Candy,smallcloud,Present,,,,,,6.5
Snow White,snowwhite,Present,,,,,,5
Solitary Dream,solitarydream,Present,,,,,,7
SOUNDWiTCH,soundwitch,Present,,,,,,6.5
Specta,specta,Present,,,,,,6.5
Spider's Thread,spidersthread,Present,,,,,,7.8
STAGER (ALL STAGE CLEAR),stager,Present,,,,,,6.5
Stasis,stasis,Present,,,,,,7
Strongholds,strongholds,Present,,,,,,5
Sulfur,sulfur,Present,,,,,,6
Summer Fireworks of Love,summerfireworks,Present,,,,,,6.5
Suomi,suomi,Present,,,,,,5
SUPERNOVA,supernova,Present,,,,,,6
Surrender,surrender,Present,,,,,,6.5
Syro,syro,Present,,,,,,6.5
syuten,syuten,Present,,,,,,5
Technicolour,technicolour,Present,,,,,,7
Tempestissimo,tempestissimo,Present,,,,,,9.5
TEmPTaTiON,temptation,Present,,,,,,8.2
TeraVolt,teravolt,Present,,,,,,8.9
Teriqma,teriqma,Present,,,,,,6.5
Testify,testify,Present,,,,,,9.4
The Formula,theformula,Present,,,,,,6
The Message,themessage,Present,,,,,,6.5
The Survivor (Game Edit),thesurvivor,Present,,,,,,6.5
THE ULTIMACY,theultimacy,Present,,,,,,7
Tie me down gently,tiemedowngently,Present,,,,,,5.5
Tiferet,tiferet,Present,,,,,,7.8
To the Furthest Dream,tothefurthestdream,Present,,,,,,8.5
To the Milky Way,tothemilkyway,Present,,,,,,8.9
To: Alice Liddell,toaliceliddell,Present,,,,,,7.8
Transient Space,transientspace,Present,,,,,,7
Trap Crow,trapcrow,Present,,,,,,7.8
trappola bewitching,trappola,Present,,,,,,6
Trrricksters!!,trrricksters,Present,,,,,,7.5
Tsuki ni Murakumo Hana ni Kaze,tsukinimurakumo,Present,,,,,,6
Turbocharger,turbocharger,Present,,,,,,6
Ultimate taste,ultimatetaste,Present,,,,,,6.5
ultradiaxon-N3,ultradiaxon,Present,,,,,,8.5
UNKNOWN LEVELS,unknownlevels,Present,,,,,,8.1
Used to be,usedtobe,Present,,,,,,6.5
Valhalla:0,valhallazero,Present,,,,,,7.5
Vandalism,vandalism,Present,,,,,,7
VECTOR,vector,Present,,,,,,7
Vexaria,vexaria,Present,,,,,,5
Vicious Heroism,viciousheroism,Present,,,,,,7.5
Vindication,vindication,Present,,,,,,6.5
Vivid Theory,vividtheory,Present,,,,,,5
Viyella's Tears,viyellastears,Present,,,,,,7.8
WAIT FOR DAWN,waitfordawn,Present,,,,,,7.8
Wish Upon a Snow,wishuponasnow,Present,,,,,,7.5
with U,withu,Present,,,,,,6.5
World Ender,worldender,Present,,,,,,7.8
World Fragments III(radio edit),worldfragments,Present,,,,,,7
World Vanquisher,worldvanquisher,Present,,,,,,5.5
world.execute(me);,worldexecuteme,Present,,,,,,5
Xanatos,xanatos,Present,,,,,,7.5
Xeraphinite,xeraphinite,Present,,,,,,7.5
XTREME,xtreme,Present,,,,,,7.8
Yosakura Fubuki,yozakurafubuki,Present,,,,,,7
Your voice so... feat. Such,yourvoiceso,Present,,,,,,6.5
Avril -Flicka i krans-,avril,Present,,,,,,6
odysseia,odysseia,Present,,,,,,7.8
aterlbus,aterlbus,Present,,,,,,7.5
guardina,guardina,Present,,,,,,8
u,mu,Present,,,,,,7.5
w4,omegafour,Present,,,,,,7.8
O.,ichirin,Present,,,,,,6.5
II,ii,Past,,,,,,5
#1f1e33,ifi,Past,,,,,,5.5
1F/,onefr,Past,,,,,,2.5
7thSense,seventhsense,Past,,,,,,3
99 Glooms,nnglooms,Past,,,,,,4
[X],infinity,Past,,,,,,4.5
A Wandering Melody of Love,melodyoflove,Past,,,,,,3.5
Abstruse Dilemma,abstrusedilemma,Past,,,,,,5
Aegleseeker,aegleseeker,Past,,,,,,5.5
Ai Drew,aidrew,Past,,,,,,3.5
AI[UE]OON,aiueoon,Past,,,,,,3.5
Aleph-0,alephzero,Past,,,,,,5.5
Alexandrite,alexandrite,Past,,,,,,4.5
Alice a la mode,alicealamode,Past,,,,,,2.5
Alice's Suitcase,alicessuitcase,Past,,,,,,3.5
Alone & Lorn,aloneandlorn,Past,,,,,,3
Altair (feat. *spiLa*),altair,Past,,,,,,2.5
Altale,altale,Past,,,,,,2.5
AlterAle,alterale,Past,,,,,,3
AMAZING MIGHTYYYY!!!!,amazingmightyyyy,Past,,,,,,4.5
Amekagura,amekagura,Past,,,,,,4
amygdata,amygdata,Past,,,,,,4
Antagonism,antagonism,Past,,,,,,4.5
Antithese,antithese,Past,,,,,,2
Anokumene,anokumene,Past,,,,,,2.5
April showers,aprilshowers,Past,,,,,,2
Arcahv,arcahv,Past,,,,,,4.5
Arcana Eden,arcanaeden,Past,,,,,,5.5
Arghena,arghena,Past,,,,,,7.5
Ascent,ascent,Past,,,,,,3
Astra walkthrough,astrawalkthrough,Past,,,,,,4.5
Astral tale,astraltale,Past,,,,,,4.5
AttraqtiA,attraqtia,Past,,,,,,4
Aurgelmir,aurgelmir,Past,,,,,,4.5
Auxesia,auxesia,Past,,,,,,3.5
Avant Raze,avantraze,Past,,,,,,3.5
Awaken In Ruins,awakeninruins,Past,,,,,,3.5
Axium Crisis,axiumcrisis,Past,,,,,,5.5
B.B.K.K.B.K.K.,bbkkbkk,Past,,,,,,4.5
Babaroque,babaroque,Past,,,,,,3
BADTEK,badtek,Past,,,,,,4
Bamboo,take,Past,,,,,,3
BATTLE NO.1,battlenoone,Past,,,,,,3.5
Be There,bethere,Past,,,,,,4
Beside You,besideyou,Past,,,,,,2.5
Black Lotus,blacklotus,Past,,,,,,3
Black Territory,blackterritory,Past,,,,,,3
Blaster,blaster,Past,,,,,,4
Blocked Library,blockedlibrary,Past,,,,,,3.5
Blossoms,blossoms,Past,,,,,,1
BLRINK,blrink,Past,,,,,,3.5
blue comet,bluecomet,Past,,,,,,3.5
Blue Rose,bluerose,Past,,,,,,2
Bookmaker (2D Version),bookmaker,Past,,,,,,4.5
Brand new world,brandnewworld,Past,,,,,,2
BUCHiGiRE Berserker,buchigireberserker,Past,,,,,,5
Bullet Waiting for Me (James Landino remix),bulletwaiting,Past,,,,,,2.5
Call My Name feat. Yukacco,callmyname,Past,,,,,,3.5
Callima Karma,callimakarma,Past,,,,,,3.5
Can I Friend You on Bassbook? Lol,bassline,Past,,,,,,3
Capella,capella,Past,,,,,,4.5
carmine:scythe,carminescythe,Past,,,,,,4
CHAOS,chaos,Past,,,,,,5.5
Chelsea,chelsea,Past,,,,,,3
Chronicle,chronicle,Past,,,,,,5
Chronostasis,chronostasis,Past,,,,,,3.5
Climax,climax,Past,,,,,,4.5
Clotho and the stargazer,clotho,Past,,,,,,2
Coastal Highway,coastalhighway,Past,,,,,,3
cocoro*cosmetic,cocorocosmetic,Past,,,,,,3
conflict,conflict,Past,,,,,,4.5
corps-sans-organes,corpssansorganes,Past,,,,,,4.5
Corruption,corruption,Past,,,,,,3
Cosmica,cosmica,Past,,,,,,2.5
Cosmo Pop Funclub,cosmopop,Past,,,,,,2.5
Crimson Throne,crimsonthrone,Past,,,,,,4
CROSS?OVER,crossover,Past,,,,,,4
CROSS?SOUL,crosssoul,Past,,,,,,4
cry of viyella,viyella,Past,,,,,,3.5
Crystal Gravity,crystalgravity,Past,,,,,,3.5
Cyaegha,cyaegha,Past,,,,,,5.5
cyanine,cyanine,Past,,,,,,4
Cybernecia Catharsis,cyberneciacatharsis,Past,,,,,,4
CYCLES,cycles,Past,,,,,,2
Dancin' on a Cat's Paw,nekonote,Past,,,,,,3
Dandelion,dandelion,Past,,,,,,2.5
Dantalion,dantalion,Past,,,,,,5
DataErr0r,dataerror,Past,,,,,,3
Dazzle hop,dazzlehop,Past,,,,,,3.5
DDD,ddd,Past,,,,,,2.5
Defection,defection,Past,,,,,,3.5
Dement ~after legend~,dement,Past,,,,,,3.5
Devillic Sphere,devillicsphere,Past,,,,,,4
Dialnote,dialnote,Past,,,,,,3
Diode,diode,Past,,,,,,2.5
Divine Light of Myriad,divinelight,Past,,,,,,4.5
Dot to Dot feat. shully,dottodot,Past,,,,,,3
Dreadnought,dreadnought,Past,,,,,,4
Dream goes on,dreamgoeson,Past,,,,,,1.5
Dreamin' Attraction!!,dreaminattraction,Past,,,,,,4.5
DRG,drg,Past,,,,,,3.5
dropdead,dropdead,Past,,,,,,1.5
DX Choseinou Full Metal Shojo,dxfullmetal,Past,,,,,,3
Dynitikos,dynitikos,Past,,,,,,4
Eccentric Tale,eccentrictale,Past,,,,,,2
eden,edenwacca,Past,,,,,,4.5
Ego Eimi,egoeimi,Past,,,,,,5.5
Einherjar Joker,einherjar,Past,,,,,,4
Empire of Winter,empireofwinter,Past,,,,,,3.5
enchanted love,enchantedlove,Past,,,,,,2
ENERGY SYNERGY MATRIX,energysynergymatrix,Past,,,,,,3.5
Equilibrium,equilibrium,Past,,,,,,3.5
Essence of Twilight,essenceoftwilight,Past,,,,,,4.5
Ether Strike,etherstrike,Past,,,,,,5.5
Evening in Scarlet,eveninginscarlet,Past,,,,,,4
Evoltex (poppi'n mix),evoltex,Past,,,,,,2
Faint Light (Arcaea Edit),faintlight,Past,,,,,,3
Fairytale,fairytale,Past,,,,,,1
Fallensquare,fallensquare,Past,,,,,,3
False Embellishment,kyogenkigo,Past,,,,,,3.5
FANTA5Y,fantasy,Past,,,,,,3
Far Away Light,farawaylight,Past,,,,,,4.5
Feels So Right feat. Renko,feelssoright,Past,,,,,,3.5
Felis,felis,Past,,,,,,4
felys final remix,felys,Past,,,,,,3
Filament,filament,Past,,,,,,4.5
Final Step!,finalstep,Past,,,,,,3.5
First Snow,firstsnow,Past,,,,,,2.5
Flashback,flashback,Past,,,,,,2
FLUFFY FLASH,fluffyflash,Past,,,,,,3.5
Flyburg and Endroll,flyburg,Past,,,,,,3
Fracture Ray,fractureray,Past,,,,,,6
Free Myself,freemyself,Past,,,,,,4.5
FREEF4LL,freefall,Past,,,,,,4
G e n g a o z o,gengaozo,Past,,,,,,4
Galactic Love,galacticlove,Past,,,,,,3
Galaxy Friends,galaxyfriends,Past,,,,,,3.5
Garakuta Doll Play,garakuta,Past,,,,,,4.5
Gekka (Short Version),gekka,Past,,,,,,4
Genesis,genesis,Past,,,,,,2
Genesis (Chunithm),genesischunithm,Past,,,,,,4
GENOCIDER,genocider,Past,,,,,,4.5
GIMME DA BLOOD,gimmedablood,Past,,,,,,3.5
GIMMICK,gimmick,Past,,,,,,2.5
Give Me a Nightmare,givemeanightmare,Past,,,,,,3.5
GLORY : ROAD,gloryroad,Past,,,,,,4.5
Glow,glow,Past,,,,,,4
goldenslaughterer,goldenslaughterer,Past,,,,,,4
Good bye Merry-Go-Round.,goodbyemerry,Past,,,,,,4.5
GOODTEK (Arcaea Edit),goodtek,Past,,,,,,4
Got hive of Ra,gothiveofra,Past,,,,,,3
Grievous Lady,grievouslady,Past,,,,,,6.5
Grimheart,grimheart,Past,,,,,,2.5
Halcyon,halcyon,Past,,,,,,5.5
Hall of Mirrors,hallofmirrors,Past,,,,,,3
Harutopia ~Utopia of Spring~,harutopia,Past,,,,,,1
Haze of Autumn,akinokagerou,Past,,,,,,3.5
Head BONK ache,headbonkache,Past,,,,,,4
Heart,kokoro,Past,,,,,,1
Heart Jackin',heartjackin,Past,,,,,,3
Heavenly caress,heavenlycaress,Past,,,,,,3.5
Heavensdoor,heavensdoor,Past,,,,,,4.5
HELLOHELL,hellohell,Past,,,,,,2.5
Hiiro Gekka Kyoushou no Zetsu (nayuta 2017 ver.),hiirogekka,Past,,,,,,3.5
Hikari,hikari,Past,,,,,,2.5
HIVEMIND,hivemind,Past,,,,,,4
Hybris (The one who shattered),hybris,Past,,,,,,4.5
I've heard it said,hearditsaid,Past,,,,,,3.5
Iconoclast,iconoclast,Past,,,,,,4
Ignotus,ignotus,Past,,,,,,3.5
Ikazuchi,ikazuchi,Past,,,,,,3.5
Illegal Paradise,darakunosono,Past,,,,,,2
IMPACT,impact,Past,,,,,,3.5
Impure Bird,impurebird,Past,,,,,,2
Infinite Strife,infinitestrife,Past,,,,,,4
Infinity Heaven,infinityheaven,Past,,,,,,1.5
init(),init,Past,,,,,,4
inkar-usi,inkarusi,Past,,,,,,2
Innocence,innocence,Past,,,,,,3
INTERNET OVERDOSE,internetoverdose,Past,,,,,,3
INTERNET YAMERO,internetyamero,Past,,,,,,4.5
IONOSTREAM,ionostream,Past,,,,,,3.5
IZANA,izana,Past,,,,,,5
Jingle,jingle,Past,,,,,,2.5
Journey,journey,Past,,,,,,3
Jump,jump,Past,,,,,,4
Kanagawa Cyber Culvert,kanagawa,Past,,,,,,1
Kanbu de Tomatte Sugu Tokeru,overdrive,Past,,,,,,4
Kanjou no Matenrou ~ Arr.Demetori,matenrou,Past,,,,,,3.5
Kissing Lucifer,kissinglucifer,Past,,,,,,4.5
KYOREN ROMANCE,kyorenromance,Past,,,,,,4
La'qryma of the Wasteland,laqryma,Past,,,,,,3.5
LAMIA,lamia,Past,,,,,,5
Lapis,lapis,Past,,,,,,2
Last,last,Past,,,,,,4
Last Celebration,lastcelebration,Past,,,,,,3.5
lastendconductor,lastendconductor,Past,,,,,,3.5
Lawless Point,lawlesspoint,Past,,,,,,3
Lazy Addiction,lazyaddiction,Past,,,,,,2.5
Let you DIVE! (nitro rmx),letyoudivermx,Past,,,,,,3
Let's Rock (Arcaea mix),letsrock,Past,,,,,,3
Lethaeus,lethaeus,Past,,,,,,3.5
Lethal Voltage,lethalvoltage,Past,,,,,,4.5
Libertas,libertas,Past,,,,,,3.5
Life is PIANO,lifeispiano,Past,,,,,,3.5
Lightning Screw,lightningscrew,Past,,,,,,4.5
Lights of Muse,lightsofmuse,Past,,,,,,2.5
Linear Accelerator,linearaccelerator,Past,,,,,,2.5
Live Fast Die Young,livefastdieyoung,Past,,,,,,4.5
LIVHT MY WAY,lightmyway,Past,,,,,,4.5
Logos,logos,Past,,,,,,4
Lost Civilization,lostcivilization,Past,,,,,,4
Lost Desire,lostdesire,Past,,,,,,4
Lost Emotion feat. nomico,lostemotion,Past,,,,,,3.5
Lost in the Abyss,lostintheabyss,Past,,,,,,3.5
Loveless Dress,lovelessdress,Past,,,,,,3.5
Lucid Traveler,lucidtraveler,Past,,,,,,4.5
Lucifer,lucifer,Past,,,,,,3.5
Lumia,lumia,Past,,,,,,2.5
Luna Rossa,lunarossa,Past,,,,,,3
LunarOrbit -believe in the Espebranch road-,espebranch,Past,,,,,,3.5
Loschen,loschen,Past,,,,,,3.5
Macrocosmic Modulation,macromod,Past,,,,,,4
Magnolia,magnolia,Past,,,,,,4.5
MAHOROBA,mahoroba,Past,,,,,,3
Malicious Mischance,maliciousmischance,Past,,,,,,4
Manic Jeer,manicjeer,Past,,,,,,4
MANTIS (Arcaea Ultra-Bloodrush VIP),mantis,Past,,,,,,3
Masquerade Legion,masqueradelegion,Past,,,,,,3.5
MAXRAGE,maxrage,Past,,,,,,3.5
Maze No.9,mazenine,Past,,,,,,3
Mazy Metroplex,mazymetroplex,Past,,,,,,3
Medusa,medusa,Past,,,,,,4.5
Memory Forest,memoryforest,Past,,,,,,3.5
memoryfactory.lzh,memoryfactory,Past,,,,,,2.5
MERLIN,merlin,Past,,,,,,3
Meta-Mysteria,metamysteria,Past,,,,,,5
Metallic Punisher,metallicpunisher,Past,,,,,,3
MIRINAE,mirinae,Past,,,,,,4.5
Mirzam,mirzam,Past,,,,,,4
Misdeed -la bonte de Dieu et l'origine du mal-,gou,Past,,,,,,5.5
Modelista,modelista,Past,,,,,,3.5
Monochrome Princess,monochromeprincess,Past,,,,,,4.5
Moonheart,moonheart,Past,,,,,,2.5
Moonlight of Sand Castle,moonlightofsandcastle,Past,,,,,,1.5
MORNINGLOOM,morningloom,Past,,,,,,3
Nameless Passion,namelesspassion,Past,,,,,,3
NEO WINGS,neowings,Past,,,,,,4
New York Back Raise,newyorkbackraise,Past,,,,,,4.5
next to you,nexttoyou,Past,,,,,,4.5
Nhelv,nhelv,Past,,,,,,3
Nirv lucE,nirvluce,Past,,,,,,2.5
NULCTRL,nulctrl,Past,,,,,,3
NULL APOPHENIA,nullapophenia,Past,,,,,,4.5
neo kosmo,neokosmo,Past,,,,,,4
Oblivia,oblivia,Past,,,,,,3.5
OMAKENO Stroke,omakeno,Past,,,,,,3
On And On!! feat. Jenga,onandon,Past,,,,,,3
One Last Drive,onelastdrive,Past,,,,,,2.5
Oracle,oracle,Past,,,,,,3
Oshama Scramble!,oshamascramble,Past,,,,,,3.5
ouroboros -twin stroke of the end-,ouroboros,Past,,,,,,4.5
Ouverture,ouverture,Past,,,,,,2.5
Overwhelm,overwhelm,Past,,,,,,5
Paper Witch,paperwitch,Past,,,,,,2
Paradise,paradise,Past,,,,,,1
Particle Arts,particlearts,Past,,,,,,3.5
Party Vinyl,partyvinyl,Past,,,,,,4
Pentiment,pentiment,Past,,,,,,7
Phantasia,phantasia,Past,,,,,,4
PICO-Pico-Translation!,picopicotranslation,Past,,,,,,2
PRAGMATISM,pragmatism,Past,,,,,,4.5
Primeval Texture,primevaltexture,Past,,,,,,3
PRIMITIVE LIGHTS,primitivelights,Past,,,,,,5.5
Prism,prism,Past,,,,,,2
Protoflicker,protoflicker,Past,,,,,,3
PUPA,pupa,Past,,,,,,4
Purgatorium,purgatorium,Past,,,,,,2.5
Purple Verse,purpleverse,Past,,,,,,4
Qovat,qovat,Past,,,,,,4.5
qualia -ideaesthesia-,qualia,Past,,,,,,4.5
Quon,quon,Past,,,,,,4
Quon (wacca),quonwacca,Past,,,,,,2.5
Rabbit In The Black Room,rabbitintheblackroom,Past,,,,,,2.5
Raven's Pride,ravenspride,Past,,,,,,3
REconstruction,reconstruction,Past,,,,,,2.5
Red and Blue,redandblue,Past,,,,,,4
Redolent Shape,redolentshape,Past,,,,,,4.5
Redraw the Colorless World,mukishitsu,Past,,,,,,4
Reinvent,reinvent,Past,,,,,,2.5
REKKA RESONANCE,rekkaresonance,Past,,,,,,5
Relentless,relentless,Past,,,,,,4.5
Remind the Souls (Short Version),remindthesouls,Past,,,,,,3.5
ReviXy,revixy,Past,,,,,,3
RGB,rgb,Past,,,,,,4
Ringed Genesis,ringedgenesis,Past,,,,,,5.5
Rise,rise,Past,,,,,,2.5
Rise of the World,riseoftheworld,Past,,,,,,4
Romance Wars,romancewars,Past,,,,,,1
Rugie,rugie,Past,,,,,,3
SACRIFICE feat. ayame,sacrifice,Past,,,,,,3
SAIKYO STRONGER,saikyostronger,Past,,,,,,5.5
Sakura Fubuki,sakurafubuki,Past,,,,,,3.5
san skia,sanskia,Past,,,,,,3.5
Sayonara Hatsukoi,sayonarahatsukoi,Past,,,,,,1.5
Scarlet Cage,scarletcage,Past,,,,,,4
Scarlet Lance,scarletlance,Past,,,,,,4
Seclusion,seclusion,Past,,,,,,4
Senkyou,senkyou,Past,,,,,,3
Shades of Light in a Transcendent Realm,shadesoflight,Past,,,,,,3
Sheriruth,sheriruth,Past,,,,,,5.5
Sheriruth (Laur Remix),sheriruthrmx,Past,,,,,,4
Silent Rush,silentrush,Past,,,,,,2.5
Singularity,singularity,Past,,,,,,4.5
Small Cloud Sugar Candy,smallcloud,Past,,,,,,3
Snow White,snowwhite,Past,,,,,,2.5
Solitary Dream,solitarydream,Past,,,,,,4
SOUNDWiTCH,soundwitch,Past,,,,,,3.5
Specta,specta,Past,,,,,,3.5
Spider's Thread,spidersthread,Past,,,,,,4.5
STAGER (ALL STAGE CLEAR),stager,Past,,,,,,3
Stasis,stasis,Past,,,,,,4.5
Strongholds,strongholds,Past,,,,,,2.5
Sulfur,sulfur,Past,,,,,,4
Summer Fireworks of Love,summerfireworks,Past,,,,,,3
Suomi,suomi,Past,,,,,,2
SUPERNOVA,supernova,Past,,,,,,3
Surrender,surrender,Past,,,,,,3
Syro,syro,Past,,,,,,3.5
syuten,syuten,Past,,,,,,2
Technicolour,technicolour,Past,,,,,,3.5
Tempestissimo,tempestissimo,Past,,,,,,7
TEmPTaTiON,temptation,Past,,,,,,5
TeraVolt,teravolt,Past,,,,,,5
Teriqma,teriqma,Past,,,,,,3
Testify,testify,Past,,,,,,7.8
The Formula,theformula,Past,,,,,,3
The Message,themessage,Past,,,,,,3
The Survivor (Game Edit),thesurvivor,Past,,,,,,3.5
THE ULTIMACY,theultimacy,Past,,,,,,3
Tie me down gently,tiemedowngently,Past,,,,,,3
Tiferet,tiferet,Past,,,,,,4.5
To the Furthest Dream,tothefurthestdream,Past,,,,,,4.5
To the Milky Way,tothemilkyway,Past,,,,,,5
To: Alice Liddell,toaliceliddell,Past,,,,,,4
Transient Space,transientspace,Past,,,,,,2.5
Trap Crow,trapcrow,Past,,,,,,4.5
trappola bewitching,trappola,Past,,,,,,3
Trrricksters!!,trrricksters,Past,,,,,,4.5
Tsuki ni Murakumo Hana ni Kaze,tsukinimurakumo,Past,,,,,,3
Turbocharger,turbocharger,Past,,,,,,2.5
Ultimate taste,ultimatetaste,Past,,,,,,3.5
ultradiaxon-N3,ultradiaxon,Past,,,,,,4.5
UNKNOWN LEVELS,unknownlevels,Past,,,,,,4
Used to be,usedtobe,Past,,,,,,4
Valhalla:0,valhallazero,Past,,,,,,4.5
Vandalism,vandalism,Past,,,,,,3.5
VECTOR,vector,Past,,,,,,3
Vexaria,vexaria,Past,,,,,,2.5
Vicious Heroism,viciousheroism,Past,,,,,,4
Vindication,vindication,Past,,,,,,4
Vivid Theory,vividtheory,Past,,,,,,2
Viyella's Tears,viyellastears,Past,,,,,,4
WAIT FOR DAWN,waitfordawn,Past,,,,,,2
Wish Upon a Snow,wishuponasnow,Past,,,,,,4.5
with U,withu,Past,,,,,,2.5
World Ender,worldender,Past,,,,,,4
World Fragments III(radio edit),worldfragments,Past,,,,,,3.5
World Vanquisher,worldvanquisher,Past,,,,,,2.5
world.execute(me);,worldexecuteme,Past,,,,,,3.5
Xanatos,xanatos,Past,,,,,,4
Xeraphinite,xeraphinite,Past,,,,,,3
XTREME,xtreme,Past,,,,,,4.5
Yosakura Fubuki,yozakurafubuki,Past,,,,,,4.5
Your voice so... feat. Such,yourvoiceso,Past,,,,,,3.5
Avril -Flicka i krans-,avril,Past,,,,,,3
odysseia,odysseia,Past,,,,,,4
aterlbus,aterlbus,Past,,,,,,4
guardina,guardina,Past,,,,,,4
u,mu,Past,,,,,,3.5
w4,omegafour,Past,,,,,,3.5
O.,ichirin,Past,,,,,,2.5
